date,pollutant,value
2025-08-30,CO,0.025357880855401027
2025-09-01,CO,0.03170863034938106
2025-09-02,CO,0.024672469836295848
2025-09-03,CO,0.029733483004376657
2025-09-04,CO,0.02715167445489005
2025-09-05,CO,0.02813370403539424
2025-09-06,CO,0.029794441757257793
2025-09-08,CO,0.030148151954409577
2025-09-09,CO,0.027061040567875942
2025-09-10,CO,0.0242637924756328
2025-09-11,CO,0.029016906836568667
2025-09-12,CO,0.02749755415257929
2025-09-13,CO,0.03215469124432466
2025-09-14,CO,0.027027219409124698
2025-09-15,CO,0.028021193445722157
2025-09-17,CO,0.03373679238009069
2025-09-18,CO,0.027164914241791533
2025-09-19,CO,0.027842327669405323
2025-09-20,CO,0.025679220270626083
2025-09-21,CO,0.02698267975706837
2025-09-22,CO,0.030905165918472564
2025-09-23,CO,0.031561497397303226
2025-09-24,CO,0.03430321433044491
2025-09-25,CO,0.033291049483948
2025-09-26,CO,0.030864223242004968
2025-09-27,CO,0.034279988343335635
2025-09-28,CO,0.03196500785889508
2025-09-29,CO,0.033486101394187145
2025-09-30,CO,0.02714058713500974
2025-10-01,CO,0.028371402406155655
2025-10-02,CO,0.030743672877786135
2025-10-03,CO,0.03267068633185548
2025-10-04,CO,0.031719605012066526
2025-10-05,CO,0.032906938949578794
2025-10-06,CO,0.033959499750849956
2025-10-07,CO,0.03788864848578789
2025-10-08,CO,0.035186894207757106
2025-10-09,CO,0.03628597338546746
2025-10-10,CO,0.03363336220900214
2025-10-11,CO,0.032821101162735816
2025-10-12,CO,0.026280514013159773
2025-10-13,CO,0.027605127832627373
2025-10-14,CO,0.029611399432215392
2025-10-15,CO,0.0335467087869649
2025-10-16,CO,0.028506996899956626
2025-10-17,CO,0.03122996268214783
2025-10-18,CO,0.03455806928284602
2025-10-19,CO,0.033603482150109214
2025-10-20,CO,0.03450686976699004
2025-10-21,CO,0.03479679674945759
2025-10-23,CO,0.028222281237216422
2025-10-25,CO,0.03259141507323461
2025-10-26,CO,0.02989546958283155
2025-10-28,CO,0.025128551653020085
2025-10-30,CO,0.029317176282088027
2025-10-31,CO,0.030512931418529926
2025-11-01,CO,0.02440244940919335
2025-11-02,CO,0.02781819025637598
2025-11-04,CO,0.025206879225520267
2025-11-05,CO,0.027042403010294293
2025-11-06,CO,0.024446932411623053
2025-11-08,CO,0.02686272036376891
2025-11-10,CO,0.029486789582861248
2025-11-11,CO,0.028563067734157056
2025-11-12,CO,0.030551854381828513
2025-11-13,CO,0.027878443461209396
2025-11-15,CO,0.026257367973234153
2025-11-16,CO,0.03352331501025799
2025-11-17,CO,0.023471579039888214
2025-11-22,CO,0.029935507159018368
2025-11-23,CO,0.0285518299752227
2025-11-24,CO,0.0254168132843238
2025-11-25,CO,0.02921210667260736
2025-11-26,CO,0.026363514410576064
2025-11-27,CO,0.026387046849982877
2025-11-28,CO,0.029455584178960825
2025-11-29,CO,0.025890641101578855
2025-12-01,CO,0.027472430131365914
2025-12-02,CO,0.02958470708351671
2025-12-08,CO,0.029606859665344123
2025-12-10,CO,0.026982642441984204
2025-12-12,CO,0.02957394613654981
2025-12-13,CO,0.029174016465478295
2025-12-14,CO,0.02820184317980537
2025-12-15,CO,0.025163899265558044
2025-12-16,CO,0.026748580779752118
2025-12-17,CO,0.025359055829515722
2025-12-18,CO,0.02979948974808247
2025-12-19,CO,0.025226775153892825
2025-12-22,CO,0.03091144280765523
2025-12-23,CO,0.02725067592049846
2025-12-24,CO,0.027383633638410846
2025-12-25,CO,0.026307412398500003
2025-12-26,CO,0.024891802262722973
2025-12-27,CO,0.024418525998282415
2025-12-28,CO,0.025188199913855253
2025-12-29,CO,0.026133706286509854
2025-12-30,CO,0.025118484311353356
2026-01-02,CO,0.02763749971116775
2026-01-03,CO,0.028825848329745656
2026-01-04,CO,0.028129951471852474
2026-01-05,CO,0.01753179554537139
2026-01-07,CO,0.023371728047765893
2026-01-08,CO,0.02416263853615417
2026-01-09,CO,0.029315414435331894
2026-01-10,CO,0.027350901635775977
2026-01-11,CO,0.025811861361864412
2026-01-12,CO,0.028845266608706364
2026-01-13,CO,0.030236455703386216
2026-01-14,CO,0.026176507012364476
2026-01-16,CO,0.025676882382337264
2026-01-17,CO,0.026642349959946795
2026-01-19,CO,0.029234126639101257
2026-01-20,CO,0.019722434421901615
2026-01-21,CO,0.02448299673321923
2026-01-24,CO,0.02712252154017221
2026-01-25,CO,0.027763271648490604
2026-01-26,CO,0.027979244888258797
2026-01-27,CO,0.027660707512245603
2026-01-29,CO,0.03269930607373446
2026-01-30,CO,0.03382409998719384
2026-01-31,CO,0.03179279833588587
2026-02-02,CO,0.028816272263253284
2026-02-03,CO,0.027124083020995546
2026-02-04,CO,0.028414548351809954
2026-02-05,CO,0.02955310831292502
2026-02-06,CO,0.03009869278839137
2026-02-07,CO,0.02765311900410191
2026-02-08,CO,0.03134765468163286
2026-02-09,CO,0.027613638389668932
2026-02-10,CO,0.0234747462136041
2026-02-11,CO,0.025680353001781727
2026-02-12,CO,0.023757203323576326
2026-02-14,CO,0.031068407058351448
2026-02-15,CO,0.030444498057586436
2026-02-16,CO,0.03373171107244235
2026-02-19,CO,0.02807552696227593
2026-02-20,CO,0.030313063238689535
2026-02-26,CO,0.016502582320625906
2026-02-27,CO,0.021407065923839466
2026-02-28,CO,0.018818637121838833
2026-03-03,CO,0.02672408865433385
2026-03-04,CO,0.027791163166686148
2026-03-05,CO,0.025968923723449115
2026-03-07,CO,0.022983474004517314
2026-03-08,CO,0.027076897720353432
2026-03-09,CO,0.030346573052637837
2026-03-10,CO,0.02952649725398168
2026-03-11,CO,0.02671981710565172
2026-03-12,CO,0.025261778270176664
2026-03-13,CO,0.02502508954865867
2026-03-14,CO,0.02760304311949666
2026-03-15,CO,0.02806851433970123
2026-03-16,CO,0.02813900294721424
2026-03-17,CO,0.026978672098745354
2026-03-18,CO,0.025930042594156634
2026-03-19,CO,0.02319377348181919
2026-03-20,CO,0.027133098170816147
2026-03-21,CO,0.024457364238623144
2026-03-22,CO,0.02423574804474689
2026-03-23,CO,0.024714325273968194
2026-03-24,CO,0.024372985378802694
2026-03-25,CO,0.027208888213237803
2026-03-26,CO,0.0269362562845952
2026-03-27,CO,0.028573104533084315
2026-03-28,CO,0.03127019604552171
2026-03-29,CO,0.02978163168852792
2026-03-30,CO,0.026278888512823326
2026-04-01,CO,0.027015959462732515
2026-04-02,CO,0.025772046297500996
2026-04-03,CO,0.029836624534229084
2026-04-04,CO,0.02789397293609774
2026-04-05,CO,0.028386740327278483
2026-04-06,CO,0.02645353037401201
2026-04-07,CO,0.029043568709436623
2026-04-08,CO,0.02452980330211469
2026-04-09,CO,0.030397341884088824
2026-04-11,CO,0.03161340103166936
2026-04-13,CO,0.02813617473673696
2026-04-14,CO,0.026084291617494298
2026-04-15,CO,0.02807892413630545
2026-04-16,CO,0.025939468484950694
2026-04-17,CO,0.024705203542068968
2026-04-18,CO,0.027961342998405327
2026-04-19,CO,0.027498321256298454
2026-04-20,CO,0.02839896512320535
2026-04-21,CO,0.027986606784089645
2026-04-23,CO,0.027272436496822247
2026-04-24,CO,0.02816382095656918
2026-04-25,CO,0.03178311658106688
2026-04-26,CO,0.025302605961521774
2026-04-27,CO,0.023420657784071507
2026-04-28,CO,0.02825832477616537
2026-04-29,CO,0.029044369780390263
2026-04-30,CO,0.02299590449556901
2026-05-01,CO,0.02624555853219928
2026-05-02,CO,0.023101950371622108
2026-05-03,CO,0.02227135811839499
2026-05-04,CO,0.02924655999932755
2026-05-05,CO,0.02768243623382779
2026-05-06,CO,0.026932767232646558
2026-05-07,CO,0.02818664852996459
2026-05-08,CO,0.026000575177772867
2026-05-09,CO,0.02699853932104084
2026-05-10,CO,0.030350993104289965
2026-05-11,CO,0.03066710877452053
2026-05-12,CO,0.026148980439583934
2026-05-13,CO,0.028749147764605576
2026-05-14,CO,0.02632056416958054
2026-05-15,CO,0.026916860296841618
2026-05-16,CO,0.023951116822730486
2026-05-17,CO,0.027248258528201792
2026-05-18,CO,0.02473512362500108
2026-05-19,CO,0.024372411538865307
2026-05-20,CO,0.031156071848690795
2026-05-21,CO,0.02865389849447131
2026-05-22,CO,0.03073153851014259
2026-05-23,CO,0.03250751281907128
2026-05-24,CO,0.02848037318979416
2026-05-26,CO,0.026001048680889323
2026-05-27,CO,0.03101470062148549
2026-05-28,CO,0.03005142503436339
2026-05-29,CO,0.030111536729081553
2026-05-31,CO,0.028043928714570503
2026-06-01,CO,0.02672125415059562
2026-06-02,CO,0.03032208788975795
2026-06-03,CO,0.027507069987570038
2026-06-04,CO,0.025129314452856075
2026-06-05,CO,0.030962827846727634
2026-06-06,CO,0.02781360584521211
2026-06-07,CO,0.028693710237051737
2026-06-08,CO,0.030527275266074846
2026-06-09,CO,0.029604378784420866
2026-06-10,CO,0.0321517099898009
2026-06-11,CO,0.03248299453193726
2026-06-12,CO,0.02938929770361266
2026-06-13,CO,0.026873719442290205
2026-06-14,CO,0.02907859122537342
2026-06-16,CO,0.0314574031432848
2026-06-17,CO,0.026475590071385086
2026-06-18,CO,0.03251080622175704
2026-06-19,CO,0.029440478686529006
2026-06-20,CO,0.02772685779260575
2026-06-21,CO,0.03274180376077265
2026-06-22,CO,0.03027984434482108
2026-06-23,CO,0.032227471970372894
2026-06-24,CO,0.03273582305972443
2026-06-25,CO,0.028519121653219858
2026-06-26,CO,0.02785939657432105
2026-06-27,CO,0.02821844018009253
2026-06-28,CO,0.03060050506313963
2026-06-29,CO,0.028814192303691564
2026-06-30,CO,0.028712090840413543
2026-07-02,CO,0.03221386187210577
2026-07-03,CO,0.030325051504009756
2026-07-04,CO,0.03343061454521394
2026-07-05,CO,0.03027397751654711
2026-07-06,CO,0.025005538840275846
2026-07-07,CO,0.029422802443723396
2026-07-08,CO,0.031061027749395925
2026-07-09,CO,0.03255049432852231
2026-07-10,CO,0.03461791611709051
2026-07-11,CO,0.030185212968018602
2026-07-12,CO,0.036192546782689704
2026-07-13,CO,0.03495213790298228
2026-07-14,CO,0.03579448138043116
2026-07-15,CO,0.03153849409588089
2026-07-16,CO,0.03275256087216098
2026-07-18,CO,0.03185116089288728
2026-07-19,CO,0.02819555358955427
2026-07-20,CO,0.03253742825047325
2026-07-21,CO,0.03059014539743153
2026-07-22,CO,0.027753851407292578
2026-07-23,CO,0.032357894506587624
2026-07-24,CO,0.028192202215319345
2026-07-25,CO,0.03206132867449928
2026-07-26,CO,0.031857354038255466
2026-07-27,CO,0.03170894835531596
2026-07-28,CO,0.033042678810582614
2026-07-29,CO,0.03237604769822614
2026-07-30,CO,0.03985297363651715
2026-07-31,CO,0.034629527129992364
2026-08-01,CO,0.03497301982770403
2026-08-02,CO,0.032746043369804675
2026-08-03,CO,0.03530493305029027
2026-08-04,CO,0.032437356178119776
2026-08-05,CO,0.030658439082724906
2026-08-06,CO,0.02849298415046903
2026-08-07,CO,0.03012086627489428
2026-08-08,CO,0.03331564993811567
2026-08-09,CO,0.03303803382456964
2026-08-10,CO,0.033222796027419316
2026-08-11,CO,0.032413648555973534
2026-08-12,CO,0.03179616234509126
2026-08-13,CO,0.03426313022979904
2026-08-14,CO,0.032808675681682345
2026-08-15,CO,0.03774567885638931
2026-08-16,CO,0.03469820976141845
2026-08-17,CO,0.03696816178577264
2026-08-18,CO,0.033170154352067334
2026-08-19,CO,0.03515016307604268
2026-08-20,CO,0.032611550489375134
2026-08-21,CO,0.03328911246120647
2026-08-22,CO,0.03451866922481077
2026-08-23,CO,0.032808744541972204
2026-08-24,CO,0.033903200531441226
2026-08-25,CO,0.032585227281772496
2026-08-26,CO,0.033846814322203135
2026-08-27,CO,0.0354217243789542
2025-08-31,NO2,1.787187069550423e-05
2025-09-01,NO2,3.633978636663645e-05
2025-09-02,NO2,2.878048027733302e-05
2025-09-03,NO2,4.221445768899647e-05
2025-09-04,NO2,2.2579714830127194e-05
2025-09-05,NO2,2.5915939561775802e-05
2025-09-06,NO2,1.9083671181224182e-05
2025-09-07,NO2,1.9218654899425774e-05
2025-09-08,NO2,3.150923156341245e-05
2025-09-09,NO2,3.035832588809377e-05
2025-09-10,NO2,2.0321226293917867e-05
2025-09-11,NO2,3.7500987121344636e-05
2025-09-12,NO2,2.595393988521178e-05
2025-09-13,NO2,2.708920116712815e-05
2025-09-14,NO2,2.17631878659012e-05
2025-09-15,NO2,2.0943032880580145e-05
2025-09-16,NO2,1.5919279171863955e-05
2025-09-17,NO2,2.7385217215610563e-05
2025-09-19,NO2,2.4463387896272888e-05
2025-09-20,NO2,2.0629713925253837e-05
2025-09-21,NO2,2.8012226585342047e-05
2025-09-22,NO2,2.2679275825706443e-05
2025-09-23,NO2,2.9361289521572615e-05
2025-09-24,NO2,3.457801437200872e-05
2025-09-25,NO2,2.196221351561954e-05
2025-09-26,NO2,1.9167983172138342e-05
2025-09-27,NO2,2.927446638485001e-05
2025-09-28,NO2,2.8051500902084462e-05
2025-09-29,NO2,2.4374474920312682e-05
2025-09-30,NO2,2.873128142381014e-05
2025-10-02,NO2,2.395610875206057e-05
2025-10-03,NO2,2.328154294441081e-05
2025-10-04,NO2,2.2017700335590287e-05
2025-10-05,NO2,2.4817488129620345e-05
2025-10-06,NO2,2.5194205272880734e-05
2025-10-07,NO2,2.95749227398139e-05
2025-10-08,NO2,1.9118607257097738e-05
2025-10-09,NO2,2.706731112650942e-05
2025-10-10,NO2,2.8261617108913096e-05
2025-10-11,NO2,1.9552305633641563e-05
2025-10-12,NO2,1.5787144107210824e-05
2025-10-13,NO2,2.6137590860210054e-05
2025-10-14,NO2,2.8078428354025293e-05
2025-10-15,NO2,3.2725763224871096e-05
2025-10-16,NO2,2.776885296064459e-05
2025-10-17,NO2,2.5076690016932774e-05
2025-10-18,NO2,3.054154822855054e-05
2025-10-19,NO2,2.9085468743538464e-05
2025-10-20,NO2,3.021553775932713e-05
2025-10-30,NO2,1.2893077383050319e-05
2025-11-04,NO2,1.87984293805526e-05
2025-11-05,NO2,1.6706714009525667e-05
2025-11-11,NO2,2.0300523651137523e-05
2025-11-12,NO2,2.3484305231527642e-05
2025-11-15,NO2,1.381778568966799e-05
2025-11-17,NO2,9.24235805328948e-06
2025-11-18,NO2,2.538818820189072e-05
2025-11-20,NO2,2.503630463208314e-05
2025-11-22,NO2,1.7957447921843728e-05
2025-11-23,NO2,1.738173127627286e-05
2025-11-25,NO2,6.653724430890874e-06
2025-11-26,NO2,3.824253624520134e-05
2025-11-27,NO2,1.0427921165629778e-05
2025-11-28,NO2,1.7618058753386118e-05
2025-11-30,NO2,1.7399510039212136e-05
2025-12-01,NO2,2.720930195651881e-05
2025-12-02,NO2,2.112611326803486e-05
2025-12-03,NO2,2.3978280814097588e-05
2025-12-05,NO2,2.848727441833844e-05
2025-12-07,NO2,3.83009200729229e-05
2025-12-08,NO2,2.1704504651085634e-05
2025-12-10,NO2,2.965802240393249e-05
2025-12-12,NO2,1.591814872409577e-05
2025-12-13,NO2,2.36954051168152e-05
2025-12-15,NO2,1.9987570248350886e-05
2025-12-16,NO2,1.17851292153311e-05
2025-12-17,NO2,1.4376563061687513e-05
2025-12-18,NO2,2.8773981146306572e-05
2025-12-22,NO2,2.800299585441126e-05
2025-12-23,NO2,2.166041493465851e-05
2025-12-24,NO2,2.8526697202168856e-05
2025-12-25,NO2,1.989468366342645e-05
2025-12-26,NO2,1.759401963082849e-05
2025-12-27,NO2,3.0174471059440836e-06
2025-12-28,NO2,2.390845347109265e-05
2025-12-29,NO2,3.206720218140462e-05
2025-12-30,NO2,1.7527194854582685e-05
2026-01-02,NO2,2.3848857527543043e-05
2026-01-04,NO2,7.442318289106674e-06
2026-01-06,NO2,1.9756522531045866e-05
2026-01-07,NO2,1.8572858726530897e-05
2026-01-08,NO2,3.220435361895128e-05
2026-01-09,NO2,2.1940023870785038e-05
2026-01-12,NO2,2.4059067613109987e-05
2026-01-13,NO2,1.807661291607641e-05
2026-01-14,NO2,2.4995483722818562e-05
2026-01-16,NO2,2.3488286333376764e-05
2026-01-19,NO2,2.05730569342403e-05
2026-01-24,NO2,3.9172980575988385e-06
2026-01-29,NO2,1.2340661221941459e-05
2026-01-30,NO2,1.709707429060214e-05
2026-01-31,NO2,3.233230814736815e-05
2026-02-03,NO2,1.9349460588925937e-05
2026-02-04,NO2,1.8788602372880292e-05
2026-02-05,NO2,2.4577575670216573e-05
2026-02-06,NO2,1.422191121917242e-05
2026-02-10,NO2,2.6784057024952695e-05
2026-02-11,NO2,1.0928489623722491e-05
2026-02-14,NO2,2.642149732922625e-05
2026-02-15,NO2,1.800085145791948e-05
2026-02-16,NO2,2.0399990044842633e-05
2026-02-19,NO2,2.337684683840835e-05
2026-02-20,NO2,2.2367623412342143e-05
2026-03-01,NO2,5.478934305192365e-06
2026-03-03,NO2,2.4853808318658576e-05
2026-03-04,NO2,1.9656141398130617e-05
2026-03-05,NO2,8.524807580518043e-06
2026-03-07,NO2,1.5613698071533773e-05
2026-03-08,NO2,8.838583560060325e-06
2026-03-09,NO2,1.8151271215977912e-05
2026-03-10,NO2,2.524671118932019e-05
2026-03-11,NO2,1.1421966430822238e-05
2026-03-12,NO2,1.654091740962063e-05
2026-03-13,NO2,1.1581396499249232e-05
2026-03-14,NO2,2.783423261147855e-05
2026-03-15,NO2,1.7510375915139647e-05
2026-03-16,NO2,2.834370578370055e-05
2026-03-18,NO2,2.1719760593732253e-05
2026-03-19,NO2,2.0676762164787415e-05
2026-03-20,NO2,1.1030389751862169e-05
2026-03-21,NO2,1.4438606542835949e-05
2026-03-22,NO2,2.4947230168873148e-05
2026-03-23,NO2,2.107593663043388e-05
2026-03-25,NO2,2.3735860221000618e-05
2026-03-28,NO2,2.3817092512266022e-05
2026-03-29,NO2,3.0278471626924313e-05
2026-03-30,NO2,2.5260057747226382e-05
2026-04-01,NO2,2.3798681230595363e-05
2026-04-03,NO2,2.4614784260251533e-05
2026-04-04,NO2,2.2241077025607304e-05
2026-04-05,NO2,1.6694572288552935e-05
2026-04-06,NO2,2.621510046960674e-05
2026-04-07,NO2,3.185218298474823e-05
2026-04-08,NO2,2.6779842247746108e-05
2026-04-09,NO2,3.111892157510401e-05
2026-04-13,NO2,2.077345115317252e-05
2026-04-14,NO2,1.707826735864931e-05
2026-04-15,NO2,2.2374576539070635e-05
2026-04-16,NO2,1.726291135013147e-05
2026-04-17,NO2,2.14360512953697e-05
2026-04-18,NO2,2.442161128156124e-05
2026-04-19,NO2,1.6990854573332412e-05
2026-04-20,NO2,3.073766839865981e-05
2026-04-21,NO2,2.3936095450099738e-05
2026-04-23,NO2,7.750308415484952e-06
2026-04-24,NO2,1.8649197746411094e-05
2026-04-25,NO2,2.794582539343475e-05
2026-04-26,NO2,2.3759491659613688e-05
2026-04-27,NO2,1.0504971001656143e-05
2026-04-28,NO2,2.5867794816906327e-05
2026-04-29,NO2,1.7370290128745574e-05
2026-05-01,NO2,2.1844763168473698e-05
2026-05-02,NO2,2.4686961413107627e-05
2026-05-04,NO2,3.0062280492298677e-05
2026-05-05,NO2,2.937162682135164e-05
2026-05-06,NO2,2.6489360918779096e-05
2026-05-07,NO2,2.3074162364126758e-05
2026-05-08,NO2,2.220278183195942e-05
2026-05-09,NO2,3.357550863961291e-05
2026-05-10,NO2,2.1565697344256874e-05
2026-05-11,NO2,2.565772407510537e-05
2026-05-12,NO2,2.475472617441032e-05
2026-05-13,NO2,2.6100581185952396e-05
2026-05-14,NO2,1.848432947490452e-05
2026-05-15,NO2,3.264711455683743e-05
2026-05-16,NO2,3.495572291798459e-05
2026-05-17,NO2,1.94708256228011e-05
2026-05-19,NO2,2.3407505087390757e-05
2026-05-20,NO2,2.084264752335558e-05
2026-05-21,NO2,2.53339788434558e-05
2026-05-22,NO2,3.4521024256987766e-05
2026-05-23,NO2,2.4947547775478782e-05
2026-05-24,NO2,2.4977066390637584e-05
2026-05-25,NO2,2.629958920498903e-05
2026-05-26,NO2,1.9185056199163667e-05
2026-05-27,NO2,3.072267320472095e-05
2026-05-28,NO2,2.1513823036401065e-05
2026-05-29,NO2,1.8888064064811872e-05
2026-05-30,NO2,1.3493017747715277e-05
2026-05-31,NO2,2.3354296833231653e-05
2026-06-01,NO2,2.895531074865094e-05
2026-06-02,NO2,2.3255033749651054e-05
2026-06-03,NO2,2.4735265698301962e-05
2026-06-04,NO2,2.4288823637255477e-05
2026-06-05,NO2,3.0036650666128427e-05
2026-06-06,NO2,2.471648462044001e-05
2026-06-07,NO2,3.7637256585637874e-05
2026-06-08,NO2,3.719032092308328e-05
2026-06-09,NO2,2.841547003028828e-05
2026-06-10,NO2,2.6862289773508995e-05
2026-06-11,NO2,2.4843053093038696e-05
2026-06-12,NO2,3.484600178184173e-05
2026-06-13,NO2,2.3960104971245947e-05
2026-06-14,NO2,2.548595585558884e-05
2026-06-15,NO2,2.0583272663028345e-05
2026-06-16,NO2,2.9559159562894902e-05
2026-06-17,NO2,3.190792612857465e-05
2026-06-18,NO2,2.4639389747341516e-05
2026-06-19,NO2,3.31699576598579e-05
2026-06-20,NO2,2.6794330105469806e-05
2026-06-21,NO2,3.564723433091334e-05
2026-06-22,NO2,2.8686552103060226e-05
2026-06-23,NO2,3.129661527963582e-05
2026-06-24,NO2,2.7979341582969386e-05
2026-06-25,NO2,1.7754989697928974e-05
2026-06-26,NO2,1.9400875304498157e-05
2026-06-27,NO2,2.123945157487504e-05
2026-06-28,NO2,2.6455226383958766e-05
2026-06-29,NO2,4.205874738220876e-05
2026-06-30,NO2,3.36016565368963e-05
2026-07-01,NO2,1.5540260181602148e-05
2026-07-02,NO2,3.2420319438160905e-05
2026-07-03,NO2,3.8131450703812255e-05
2026-07-04,NO2,3.680868838315116e-05
2026-07-05,NO2,2.977191574164479e-05
2026-07-06,NO2,3.118753249488226e-05
2026-07-07,NO2,3.1602117851462225e-05
2026-07-08,NO2,3.8683486858896245e-05
2026-07-09,NO2,4.43562881044617e-05
2026-07-10,NO2,4.186934346330232e-05
2026-07-11,NO2,3.982023860713927e-05
2026-07-12,NO2,4.55889235536296e-05
2026-07-13,NO2,3.513855737725573e-05
2026-07-14,NO2,4.295928516122963e-05
2026-07-15,NO2,3.564603833667953e-05
2026-07-16,NO2,3.8348737292910473e-05
2026-07-17,NO2,4.0551240489437275e-05
2026-07-18,NO2,3.363930014302992e-05
2026-07-19,NO2,3.434320599880819e-05
2026-07-20,NO2,3.65281279453264e-05
2026-07-21,NO2,2.238472123314928e-05
2026-07-22,NO2,3.1699289016428854e-05
2026-07-23,NO2,2.446426990772216e-05
2026-07-24,NO2,2.456176455822481e-05
2026-07-25,NO2,4.275697065168216e-05
2026-07-26,NO2,4.2059244521258335e-05
2026-07-27,NO2,3.0497582479988745e-05
2026-07-28,NO2,2.2020050728329993e-05
2026-07-29,NO2,2.469781695390131e-05
2026-07-30,NO2,3.385410973175103e-05
2026-07-31,NO2,2.9455503064937792e-05
2026-08-01,NO2,3.852094531691525e-05
2026-08-02,NO2,1.6662136343417697e-05
2026-08-03,NO2,3.161388419073394e-05
2026-08-04,NO2,3.251848983214519e-05
2026-08-05,NO2,3.1251939312147184e-05
2026-08-06,NO2,2.99837065166456e-05
2026-08-07,NO2,3.289725641761523e-05
2026-08-08,NO2,3.206676741691217e-05
2026-08-09,NO2,2.9538962023182928e-05
2026-08-10,NO2,3.882192635156977e-05
2026-08-11,NO2,3.08666518691724e-05
2026-08-12,NO2,3.2718070488264274e-05
2026-08-13,NO2,4.355535414844047e-05
2026-08-14,NO2,2.9734241487151575e-05
2026-08-15,NO2,3.0833106606517994e-05
2026-08-16,NO2,3.552555370703354e-05
2026-08-17,NO2,2.0395590646634304e-05
2026-08-18,NO2,5.2856367968572784e-05
2026-08-19,NO2,4.002311199823909e-05
2026-08-20,NO2,3.5617853852869765e-05
2025-08-30,HCHO,0.0002723268883434689
2025-08-31,HCHO,0.00011603004930133764
2025-09-01,HCHO,0.0001974475904538288
2025-09-02,HCHO,0.00012866965372283445
2025-09-03,HCHO,0.00023333397701541734
2025-09-04,HCHO,0.00023801481173275698
2025-09-05,HCHO,0.00011819944022323808
2025-09-06,HCHO,0.00011061591184175267
2025-09-07,HCHO,0.0001769490179258984
2025-09-08,HCHO,0.00015336386363590506
2025-09-09,HCHO,0.00011305711147175717
2025-09-10,HCHO,0.00018832551583858141
2025-09-12,HCHO,0.00016976797264829218
2025-09-13,HCHO,0.0001915853932744036
2025-09-14,HCHO,0.0001837267313601414
2025-09-15,HCHO,0.00010849476366679646
2025-09-17,HCHO,0.00010584552902154681
2025-09-19,HCHO,0.00010482258096211665
2025-09-20,HCHO,0.0001662978791870372
2025-09-21,HCHO,0.0002121765417285399
2025-09-22,HCHO,0.00013707450814216246
2025-09-23,HCHO,0.0002603737456674428
2025-09-24,HCHO,0.00026314177758456086
2025-09-25,HCHO,0.00015917137959338442
2025-09-26,HCHO,0.0002527992562642262
2025-09-27,HCHO,0.00017867810525735967
2025-09-28,HCHO,0.00019794824800039822
2025-09-29,HCHO,0.0001787511584533617
2025-09-30,HCHO,0.00028111750182222543
2025-10-01,HCHO,1.1713578194757952e-05
2025-10-02,HCHO,0.00022998170301031438
2025-10-03,HCHO,0.00015048556433607001
2025-10-04,HCHO,0.00026936886746610755
2025-10-05,HCHO,0.00023452781436431765
2025-10-06,HCHO,0.00033114774091059796
2025-10-07,HCHO,0.00019436843223648008
2025-10-08,HCHO,0.00015537684319690145
2025-10-09,HCHO,0.0002298206416060643
2025-10-10,HCHO,0.0002437283555436211
2025-10-11,HCHO,0.00018006702200119214
2025-10-12,HCHO,0.0002172497653230719
2025-10-13,HCHO,7.755002417812917e-05
2025-10-14,HCHO,0.00016169532855165913
2025-10-15,HCHO,0.00021637868811970548
2025-10-16,HCHO,0.00020236805025976683
2025-10-17,HCHO,0.00020691285427272291
2025-10-18,HCHO,3.7536421711734944e-05
2025-10-19,HCHO,0.00015369557633429688
2025-10-20,HCHO,0.000280332086472131
2025-10-23,HCHO,-6.599328659617396e-05
2025-10-31,HCHO,0.0001765180242190718
2025-11-01,HCHO,0.00017472515972019698
2025-11-02,HCHO,0.00020434786019643254
2025-11-04,HCHO,0.00025515156449445754
2025-11-08,HCHO,0.0003710798615863736
2025-11-11,HCHO,0.00013655814643695133
2025-11-12,HCHO,9.886325630779247e-05
2025-11-15,HCHO,0.00016473769819139817
2025-11-16,HCHO,-5.208633271009472e-05
2025-11-17,HCHO,0.0002447221230884805
2025-11-18,HCHO,0.00017691023797704628
2025-11-22,HCHO,0.0001787120198090398
2025-11-23,HCHO,0.0002627034668122355
2025-11-25,HCHO,0.00014178398985458123
2025-11-26,HCHO,0.00018599808718178254
2025-11-27,HCHO,0.00012572384677567695
2025-11-28,HCHO,9.029429868905432e-05
2025-11-29,HCHO,0.00018579158265150914
2025-11-30,HCHO,3.628569444698229e-05
2025-12-01,HCHO,7.423422359829658e-05
2025-12-02,HCHO,0.00014175180120283026
2025-12-03,HCHO,0.00012205929963397051
2025-12-05,HCHO,0.0001174525286290747
2025-12-07,HCHO,0.00026085774296423747
2025-12-08,HCHO,0.00011568745482399434
2025-12-10,HCHO,0.00010367579243941233
2025-12-12,HCHO,0.0001611771500353433
2025-12-13,HCHO,0.0002681256252591527
2025-12-15,HCHO,0.00013740223489935706
2025-12-16,HCHO,0.00011995654201693358
2025-12-17,HCHO,0.00014364741970420835
2025-12-18,HCHO,0.00022832897589744873
2025-12-20,HCHO,0.00023807274223950947
2025-12-21,HCHO,0.0003753066886775408
2025-12-22,HCHO,0.00018543369514213392
2025-12-23,HCHO,0.00016257030359121668
2025-12-24,HCHO,0.00016471873643467515
2025-12-25,HCHO,0.00019582281248457068
2025-12-26,HCHO,0.00017112133629986327
2025-12-27,HCHO,4.244830405680694e-05
2025-12-28,HCHO,0.00020775759151289068
2025-12-29,HCHO,0.00012876139585757832
2025-12-30,HCHO,0.00022335996461901126
2026-01-02,HCHO,6.200912466908557e-05
2026-01-03,HCHO,0.00020350531655098894
2026-01-04,HCHO,0.0001910841301122813
2026-01-05,HCHO,0.00013738580357488525
2026-01-06,HCHO,0.00011266147386865648
2026-01-06,HCHO,9.287831975012063e-05
2026-01-07,HCHO,0.00013820673700498044
2026-01-08,HCHO,0.00016374017865124468
2026-01-09,HCHO,0.00014013760291120672
2026-01-10,HCHO,7.312072310353227e-05
2026-01-11,HCHO,-4.9693269885537895e-05
2026-01-12,HCHO,0.0001323178878930258
2026-01-13,HCHO,4.485391570598814e-05
2026-01-14,HCHO,6.61585559908648e-05
2026-01-16,HCHO,0.00013893704525979618
2026-01-18,HCHO,0.00010135732941697933
2026-01-19,HCHO,0.00014528154392535886
2026-01-20,HCHO,9.973868846119479e-05
2026-01-21,HCHO,0.00017506538958022753
2026-01-24,HCHO,0.00013318450270783158
2026-01-25,HCHO,0.0001906872758159048
2026-01-26,HCHO,0.00015313240880721524
2026-01-29,HCHO,7.031433324662352e-05
2026-01-30,HCHO,0.0001736604839477953
2026-01-31,HCHO,0.00022514395603978612
2026-02-02,HCHO,-3.4353979580855086e-05
2026-02-03,HCHO,0.0001401534420599042
2026-02-04,HCHO,9.496707849453795e-05
2026-02-05,HCHO,0.00023132627390378243
2026-02-06,HCHO,0.00014045761357636542
2026-02-08,HCHO,0.00010267691721591795
2026-02-10,HCHO,0.0001793464204908354
2026-02-11,HCHO,9.665418865784851e-05
2026-02-14,HCHO,0.00010249038747073463
2026-02-15,HCHO,0.000128697042552126
2026-02-16,HCHO,0.00010166589935393664
2026-02-17,HCHO,0.0002952129016101653
2026-02-19,HCHO,9.835903661896282e-06
2026-02-20,HCHO,0.0001143051419597112
2026-02-21,HCHO,0.00026215023546566785
2026-02-26,HCHO,4.658195133047636e-05
2026-02-27,HCHO,-9.911399911033448e-06
2026-02-28,HCHO,-2.3349538099698642e-05
2026-03-01,HCHO,0.00015134297579334026
2026-03-03,HCHO,0.00010895028904210506
2026-03-04,HCHO,0.00015144645082464428
2026-03-05,HCHO,0.00023224264311083148
2026-03-07,HCHO,2.1906918443884206e-06
2026-03-08,HCHO,0.0001063702550100743
2026-03-09,HCHO,0.00019190123160490013
2026-03-10,HCHO,0.00019078384249900644
2026-03-11,HCHO,6.749519762105586e-05
2026-03-12,HCHO,0.0001403396744767562
2026-03-13,HCHO,0.000108237927324247
2026-03-14,HCHO,0.0001857824790164423
2026-03-15,HCHO,0.0002110496208572514
2026-03-16,HCHO,0.0002006255303057201
2026-03-17,HCHO,3.300562836965102e-05
2026-03-18,HCHO,0.0001559970030680399
2026-03-19,HCHO,0.00017175684427276608
2026-03-20,HCHO,0.00010539923261258424
2026-03-21,HCHO,0.00015482469094753456
2026-03-22,HCHO,0.0001939410909143948
2026-03-23,HCHO,0.00015801215535219627
2026-03-24,HCHO,9.754737899084736e-05
2026-03-25,HCHO,0.00019373101136887857
2026-03-26,HCHO,0.00016194718649468557
2026-03-27,HCHO,0.00028625858275552706
2026-03-28,HCHO,0.00019206748618153424
2026-03-29,HCHO,0.00018985743155473835
2026-03-30,HCHO,0.0001768005286179957
2026-04-01,HCHO,0.00013567446262762617
2026-04-02,HCHO,0.0002144630140015406
2026-04-03,HCHO,0.00018925071787398166
2026-04-04,HCHO,0.00015538501856975973
2026-04-05,HCHO,0.00018708493261217495
2026-04-06,HCHO,0.00018498884983722378
2026-04-07,HCHO,0.00020697467240438858
2026-04-08,HCHO,0.00018479755004798277
2026-04-09,HCHO,0.00016737992790289848
2026-04-10,HCHO,0.00010667666084803251
2026-04-11,HCHO,0.0003023684731931667
2026-04-12,HCHO,0.0003516558245372442
2026-04-13,HCHO,9.666643749089538e-05
2026-04-14,HCHO,0.00012094617403744166
2026-04-15,HCHO,0.00020502682931771476
2026-04-16,HCHO,0.0001692336102586165
2026-04-17,HCHO,9.979993367655694e-05
2026-04-18,HCHO,0.00015678724496417685
2026-04-19,HCHO,0.0001374245636029264
2026-04-20,HCHO,0.00020832196297343873
2026-04-21,HCHO,0.00012910535074411056
2026-04-23,HCHO,8.64266748548069e-05
2026-04-24,HCHO,0.00013906732839534893
2026-04-25,HCHO,0.00017281595525147085
2026-04-26,HCHO,0.00016191456859369468
2026-04-27,HCHO,4.9078428128421366e-05
2026-04-28,HCHO,0.00014527442599838748
2026-04-29,HCHO,0.00015941384578399662
2026-04-30,HCHO,6.027560122152394e-05
2026-05-01,HCHO,0.00013914387400943044
2026-05-02,HCHO,0.00015876185616143384
2026-05-03,HCHO,2.5286616542028167e-05
2026-05-04,HCHO,0.00013772514265909843
2026-05-05,HCHO,0.00014078918571660154
2026-05-06,HCHO,0.0001966314879415599
2026-05-07,HCHO,0.0001305620306440092
2026-05-08,HCHO,0.0002070820314410603
2026-05-09,HCHO,0.00026148204820868303
2026-05-10,HCHO,0.0001495883175097395
2026-05-11,HCHO,0.00015454213054025468
2026-05-12,HCHO,0.00017632196563822293
2026-05-13,HCHO,0.00015233403502114178
2026-05-14,HCHO,0.00010029979151063894
2026-05-15,HCHO,8.299450165306707e-05
2026-05-16,HCHO,0.0001314395555774062
2026-05-17,HCHO,0.00016170693694395798
2026-05-18,HCHO,0.00016355409960861592
2026-05-19,HCHO,0.00010505728371041772
2026-05-20,HCHO,0.00012610144703453918
2026-05-21,HCHO,0.00020133488485386125
2026-05-22,HCHO,0.00021471261428748195
2026-05-23,HCHO,0.00017460608660340338
2026-05-24,HCHO,0.00015023750734087578
2026-05-26,HCHO,0.00014494067707200418
2026-05-27,HCHO,0.00015907703245138984
2026-05-28,HCHO,0.00017436863346280597
2026-05-29,HCHO,0.00014431945880836135
2026-05-30,HCHO,-1.9974773673009235e-05
2026-05-31,HCHO,0.00012472372838153597
2026-06-01,HCHO,0.00017184610552713295
2026-06-02,HCHO,0.00018235851122151527
2026-06-03,HCHO,0.00015337366037159632
2026-06-04,HCHO,0.00020409564634447838
2026-06-05,HCHO,0.0001337444509413579
2026-06-06,HCHO,0.0001273261425926151
2026-06-07,HCHO,0.00017727424448880339
2026-06-08,HCHO,0.0002096970212766386
2026-06-09,HCHO,0.00020369358693398627
2026-06-10,HCHO,6.155003323613066e-05
2026-06-11,HCHO,0.0002481541319320084
2026-06-12,HCHO,0.00014169834244517516
2026-06-13,HCHO,0.00017407095956890192
2026-06-14,HCHO,0.00015076650341227556
2026-06-15,HCHO,0.00013351863480736038
2026-06-16,HCHO,0.00017098112678324865
2026-06-17,HCHO,0.0001580920875848309
2026-06-18,HCHO,0.00016180336032359734
2026-06-19,HCHO,0.0002404081792906647
2026-06-20,HCHO,0.00018012096393998583
2026-06-21,HCHO,0.00011099174430208128
2026-06-22,HCHO,0.00015178180014504506
2026-06-23,HCHO,0.0001925582583775656
2026-06-24,HCHO,0.00016341512202378236
2026-06-25,HCHO,0.00011316603220695789
2026-06-26,HCHO,8.390972143343567e-05
2026-06-27,HCHO,0.00013230890392000854
2026-06-28,HCHO,0.00017749993229996693
2026-06-29,HCHO,0.00019336638365258723
2026-06-30,HCHO,0.00020544829733826604
2026-07-01,HCHO,0.00014903994793202642
2026-07-02,HCHO,0.00017305465808011263
2026-07-03,HCHO,0.00023900898177941303
2026-07-04,HCHO,0.00023192821986883788
2026-07-05,HCHO,0.00017159247077693017
2026-07-06,HCHO,0.000140966404179275
2026-07-07,HCHO,0.00010186422490152312
2026-07-08,HCHO,0.0002902662558586751
2026-07-09,HCHO,0.00030925809680696156
2026-07-10,HCHO,0.0002594942990776515
2026-07-11,HCHO,0.0002298101163681531
2026-07-12,HCHO,0.00019055298471174005
2026-07-13,HCHO,0.00023220309279940987
2026-07-14,HCHO,0.00033469729532674153
2026-07-15,HCHO,0.0002121353546299421
2026-07-16,HCHO,0.0003024370529780486
2026-07-17,HCHO,0.00011506977334927124
2026-07-18,HCHO,0.00019093466966271322
2026-07-19,HCHO,0.0002173490451242814
2026-07-20,HCHO,0.00016086797846825364
2026-07-21,HCHO,0.0002078812417052103
2026-07-22,HCHO,0.00017814160946645936
2026-07-23,HCHO,8.96784758657257e-05
2026-07-24,HCHO,0.00023067774621306054
2026-07-25,HCHO,0.0002595537175029333
2026-07-26,HCHO,0.00021184508320696934
2026-07-27,HCHO,0.00031310279061586596
2026-07-28,HCHO,0.00011510423430710566
2026-07-29,HCHO,0.00014235149784957968
2026-07-30,HCHO,0.00020760333569736007
2026-07-31,HCHO,0.00021742950261883362
2026-08-01,HCHO,0.00022220118393500532
2026-08-02,HCHO,0.00015093341055009266
2026-08-03,HCHO,0.00018120323706615816
2026-08-04,HCHO,0.00019589200193097863
2026-08-05,HCHO,0.00022929481641952124
2026-08-06,HCHO,0.00020855936075719585
2026-08-07,HCHO,0.00023304433454977201
2026-08-08,HCHO,0.00014728868984158888
2026-08-09,HCHO,0.0002908880878021505
2026-08-10,HCHO,0.0002750673774432563
2026-08-11,HCHO,0.00017412948532449294
2026-08-12,HCHO,0.0003108276783581788
2026-08-13,HCHO,0.00022022470743212195
2026-08-14,HCHO,0.00019173347026250125
2026-08-15,HCHO,0.00021583562870365676
2026-08-16,HCHO,0.0002954715684684734
2026-08-17,HCHO,0.0002246950093753982
2026-08-18,HCHO,0.0002523566955317292
2026-08-19,HCHO,0.00017360785880269302
2026-08-20,HCHO,0.0002490547226447117
2026-08-21,HCHO,0.0002711471092726094
2026-08-22,HCHO,0.00019372303500734511
2026-08-23,HCHO,0.0002649301455704797
2026-08-24,HCHO,0.00012833131736345968
2026-08-25,HCHO,0.00024755090265518343
2026-08-26,HCHO,0.00016432637198238485
2026-08-27,HCHO,0.00021023733886707305
2025-08-30,O3,0.11561658508274968
2025-08-31,O3,0.11670085836337633
2025-09-01,O3,0.11513599652688945
2025-09-02,O3,0.11415645050631977
2025-09-03,O3,0.11433479377229361
2025-09-04,O3,0.11327451396606146
2025-09-05,O3,0.11334659861514428
2025-09-06,O3,0.11329260770386937
2025-09-07,O3,0.11339228509433981
2025-09-08,O3,0.11271258299774013
2025-09-09,O3,0.11533333153426044
2025-09-10,O3,0.11537556627680094
2025-09-11,O3,0.1159510408308795
2025-09-12,O3,0.11444973923632262
2025-09-13,O3,0.11497596507044863
2025-09-14,O3,0.11566396492471903
2025-09-15,O3,0.11543634429404324
2025-09-16,O3,0.11619910702592769
2025-09-17,O3,0.11499635050228052
2025-09-18,O3,0.11495311667112902
2025-09-19,O3,0.11194374514322471
2025-09-20,O3,0.11220427018322139
2025-09-21,O3,0.11307987092211563
2025-09-22,O3,0.11362979465965914
2025-09-23,O3,0.1136211107320321
2025-09-24,O3,0.11275396366853833
2025-09-25,O3,0.11262126610189392
2025-09-26,O3,0.11412515638597823
2025-09-27,O3,0.11706848306667547
2025-09-28,O3,0.11731237016807199
2025-09-29,O3,0.11584430444906098
2025-09-30,O3,0.11563037734627513
2025-10-01,O3,0.11275004938477844
2025-10-02,O3,0.11547220652697317
2025-10-03,O3,0.11651072456423395
2025-10-04,O3,0.11499318064335882
2025-10-05,O3,0.11615249169927812
2025-10-06,O3,0.11860689844167176
2025-10-07,O3,0.12096344302929576
2025-10-08,O3,0.11857658782434073
2025-10-09,O3,0.11832293230484765
2025-10-10,O3,0.11658990218448306
2025-10-11,O3,0.11428795789757878
2025-10-12,O3,0.11336918281248538
2025-10-13,O3,0.1172869333607414
2025-10-14,O3,0.11820804109879288
2025-10-15,O3,0.11753034039401236
2025-10-16,O3,0.12009657361294124
2025-10-17,O3,0.11970479404531782
2025-10-18,O3,0.11918316847943759
2025-10-19,O3,0.11682902936154141
2025-10-20,O3,0.11629486150792788
2025-10-21,O3,0.11897466011114463
2025-10-22,O3,0.11841815104593087
2025-10-23,O3,0.11605118250569543
2025-10-24,O3,0.11742583436774844
2025-10-25,O3,0.11563031808012822
2025-10-26,O3,0.1174309466803816
2025-10-27,O3,0.11774871414873389
2025-10-28,O3,0.11317749012915522
2025-11-06,O3,0.11347587102713903
2025-11-07,O3,0.11588584585202537
2025-11-10,O3,0.1144868625365355
2025-11-11,O3,0.11539359897371874
2025-11-12,O3,0.11523470967478792
2025-11-13,O3,0.11351239871078812
2025-11-14,O3,0.11524075175927635
2025-11-15,O3,0.1154043971404414
2025-11-16,O3,0.11692467101340295
2025-11-17,O3,0.11616029435954417
2025-11-18,O3,0.11454508713711725
2025-11-19,O3,0.11571012124803659
2025-11-20,O3,0.11404029856929535
2025-11-21,O3,0.11685364755607625
2025-11-22,O3,0.11467299187317617
2025-11-23,O3,0.11428262054569395
2025-11-24,O3,0.11546689117937
2025-11-25,O3,0.11320028046766252
2025-11-26,O3,0.11186547609442508
2025-11-27,O3,0.11325633108843058
2025-11-28,O3,0.11293609915816764
2025-11-29,O3,0.11557294646581642
2025-11-30,O3,0.11483769288328817
2025-12-01,O3,0.11525461772273365
2025-12-02,O3,0.11441285392156339
2025-12-03,O3,0.11535169071218641
2025-12-04,O3,0.11484029239786549
2025-12-05,O3,0.11683083581286076
2025-12-06,O3,0.11511035013034841
2025-12-07,O3,0.11528344857554468
2025-12-08,O3,0.11384415772453388
2025-12-09,O3,0.11600864056556384
2025-12-10,O3,0.11629515148521041
2025-12-11,O3,0.11571729760725513
2025-12-12,O3,0.11427109695709443
2025-12-13,O3,0.11371504242523213
2025-12-14,O3,0.11651091236883637
2025-12-15,O3,0.11534947031884468
2025-12-16,O3,0.11520517195285822
2025-12-17,O3,0.11589875028056985
2025-12-18,O3,0.11486547915125418
2025-12-19,O3,0.11371714556030446
2025-12-20,O3,0.11411549364428283
2025-12-21,O3,0.11617463470595492
2025-12-21,O3,0.11416212604714294
2025-12-22,O3,0.11589704074122341
2025-12-23,O3,0.11485941612925432
2025-12-24,O3,0.11496959851825816
2025-12-25,O3,0.11569501304998793
2025-12-26,O3,0.11485018598018408
2025-12-27,O3,0.11355325000086211
2025-12-28,O3,0.11432860047205552
2025-12-29,O3,0.1144784100159867
2025-12-30,O3,0.11448537180468368
2025-12-31,O3,0.11382687700450285
2026-01-01,O3,0.11461482168748577
2026-01-02,O3,0.11062654372443892
2026-01-03,O3,0.11154191672231524
2026-01-04,O3,0.11301574231104267
2026-01-05,O3,0.11258809331515661
2026-01-06,O3,0.11351589749372093
2026-01-06,O3,0.11318455695672462
2026-01-07,O3,0.11418605691795823
2026-01-08,O3,0.11283534079029146
2026-01-09,O3,0.1133794647121727
2026-01-10,O3,0.11393936069639721
2026-01-11,O3,0.1130996896832213
2026-01-12,O3,0.11389566250488438
2026-01-13,O3,0.11277702009520675
2026-01-14,O3,0.11147787655354258
2026-01-15,O3,0.11251863291328681
2026-01-16,O3,0.11177838570847949
2026-01-17,O3,0.11296869223238691
2026-01-18,O3,0.11329634842273142
2026-01-19,O3,0.11446797494504142
2026-01-20,O3,0.11268448349066547
2026-01-21,O3,0.11211089513503253
2026-01-22,O3,0.11238545504501891
2026-01-23,O3,0.11205897837187177
2026-01-24,O3,0.1126515563845983
2026-01-25,O3,0.11407775400068512
2026-01-26,O3,0.11255743297812713
2026-01-27,O3,0.11307039527250524
2026-01-28,O3,0.11515938255335176
2026-01-29,O3,0.11343431238936152
2026-01-30,O3,0.11505434879229529
2026-01-31,O3,0.11493554633706513
2026-02-01,O3,0.11431179920341454
2026-02-02,O3,0.11292307321322882
2026-02-03,O3,0.11357489553469459
2026-02-04,O3,0.11456272321845963
2026-02-05,O3,0.11575976288763887
2026-02-06,O3,0.11433043355843288
2026-02-07,O3,0.11436920135873253
2026-02-08,O3,0.11460722194425355
2026-02-09,O3,0.11369176614385043
2026-02-10,O3,0.11439326108147992
2026-02-11,O3,0.11211112589447683
2026-02-12,O3,0.11290912735202865
2026-02-13,O3,0.11295843976070549
2026-02-14,O3,0.11212742846258704
2026-02-15,O3,0.11202696882937685
2026-02-16,O3,0.11432230230736297
2026-02-17,O3,0.11404399708002827
2026-02-18,O3,0.11408050821049039
2026-02-19,O3,0.11170947530579382
2026-02-20,O3,0.11059612125362538
2026-02-21,O3,0.11299785866352692
2026-02-22,O3,0.1139265945713464
2026-02-23,O3,0.11440456107005342
2026-02-24,O3,0.11339695486198786
2026-02-25,O3,0.11265815475639816
2026-02-26,O3,0.1131815049446131
2026-02-27,O3,0.11175496744179728
2026-02-28,O3,0.11362598656701146
2026-03-01,O3,0.1142636625358864
2026-03-02,O3,0.11470655268217271
2026-03-03,O3,0.11192291384934605
2026-03-04,O3,0.11394763820802628
2026-03-05,O3,0.11189493275265709
2026-03-06,O3,0.11566547606757178
2026-03-07,O3,0.11521288220145613
2026-03-08,O3,0.11266523009999968
2026-03-09,O3,0.11354667915758225
2026-03-10,O3,0.11451713306470138
2026-03-11,O3,0.1128892359472538
2026-03-12,O3,0.11473831137292886
2026-03-13,O3,0.11497242126217193
2026-03-14,O3,0.115673946132468
2026-03-15,O3,0.11479968593006862
2026-03-16,O3,0.11537376924049515
2026-03-17,O3,0.11482448718311944
2026-03-18,O3,0.11402542814478821
2026-03-19,O3,0.1119983200046445
2026-03-20,O3,0.11494924921908431
2026-03-21,O3,0.11399936093719512
2026-03-22,O3,0.11567097358298878
2026-03-23,O3,0.11595319350827579
2026-03-24,O3,0.11630846293168168
2026-03-25,O3,0.11683183293304951
2026-03-26,O3,0.1147661524754328
2026-03-27,O3,0.11616475188891726
2026-03-28,O3,0.11664975234620512
2026-03-29,O3,0.11660466726298097
2026-03-30,O3,0.11665551253206412
2026-03-31,O3,0.11666260667397722
2026-04-01,O3,0.11777832574784788
2026-04-02,O3,0.11847875464075208
2026-04-03,O3,0.11790560648534529
2026-04-04,O3,0.11810972301132192
2026-04-05,O3,0.1178819937065206
2026-04-06,O3,0.11751147138565002
2026-04-07,O3,0.11775828751021399
2026-04-08,O3,0.11814759119192735
2026-04-09,O3,0.11771405609161438
2026-04-10,O3,0.11689951282421346
2026-04-11,O3,0.11880028059233384
2026-04-12,O3,0.11669661961877081
2026-04-13,O3,0.11748056848582221
2026-04-14,O3,0.11590415983958892
2026-04-15,O3,0.11592853230886227
2026-04-16,O3,0.11653437927221519
2026-04-17,O3,0.11627885782684379
2026-04-18,O3,0.11687993803628774
2026-04-19,O3,0.11805855125310469
2026-04-20,O3,0.11838722408718438
2026-04-21,O3,0.11637140962087084
2026-04-22,O3,0.1158757109886751
2026-04-23,O3,0.11567616036033095
2026-04-24,O3,0.11752785715899353
2026-04-25,O3,0.11778257961273476
2026-04-26,O3,0.11703072119743611
2026-04-27,O3,0.11580343191024399
2026-04-28,O3,0.11670067083815464
2026-04-29,O3,0.1167196772728583
2026-04-30,O3,0.11492932916341508
2026-05-01,O3,0.11610742454821328
2026-05-02,O3,0.11641326085139347
2026-05-03,O3,0.11587998921935946
2026-05-04,O3,0.11794869178468739
2026-05-05,O3,0.11732904021132147
2026-05-06,O3,0.11829816183002356
2026-05-07,O3,0.1182842092283583
2026-05-08,O3,0.11570561853885226
2026-05-09,O3,0.11731367994383608
2026-05-10,O3,0.11692130755167071
2026-05-11,O3,0.11490878944129455
2026-05-12,O3,0.11446647697711901
2026-05-13,O3,0.11535022587338498
2026-05-14,O3,0.11479504009739935
2026-05-15,O3,0.11604422758737608
2026-05-16,O3,0.11575407459012849
2026-05-17,O3,0.11536030471726863
2026-05-18,O3,0.11619035835514818
2026-05-19,O3,0.11412526977278657
2026-05-20,O3,0.1165687092641896
2026-05-21,O3,0.11626341646554507
2026-05-22,O3,0.11574058494379436
2026-05-23,O3,0.1179723606141554
2026-05-24,O3,0.11646991798458922
2026-05-26,O3,0.1154872423379947
2026-05-27,O3,0.11656820447992614
2026-05-28,O3,0.1179393795735379
2026-05-29,O3,0.11896871742170162
2026-05-30,O3,0.11733112979129401
2026-05-31,O3,0.11639183846501258
2026-06-01,O3,0.11639527391745812
2026-06-02,O3,0.11660355484771583
2026-06-03,O3,0.11461435864215459
2026-06-04,O3,0.11651560409333422
2026-06-05,O3,0.11655874545637711
2026-06-06,O3,0.1166587106475962
2026-06-07,O3,0.11654870614879057
2026-06-08,O3,0.11812191219245112
2026-06-09,O3,0.11777556707931763
2026-06-10,O3,0.11803951639741662
2026-06-11,O3,0.11743251725705377
2026-06-12,O3,0.11151558458456465
2026-06-13,O3,0.11141177615976858
2026-06-14,O3,0.10988335847199131
2026-06-15,O3,0.11322354701436191
2026-06-16,O3,0.11477572284056423
2026-06-17,O3,0.1157344109548652
2026-06-18,O3,0.11709611535516402
2026-06-19,O3,0.11685286591233741
2026-06-20,O3,0.1175100665958754
2026-06-21,O3,0.11906411850392086
2026-06-22,O3,0.11812699783971944
2026-06-23,O3,0.11690794137857362
2026-06-24,O3,0.11469435350790892
2026-06-25,O3,0.11545719201328984
2026-06-26,O3,0.11401690670193884
2026-06-27,O3,0.11230193018441842
2026-06-28,O3,0.1134922864024688
2026-06-29,O3,0.11493084293800936
2026-06-30,O3,0.11715175353924095
2026-07-01,O3,0.11505871857769652
2026-07-02,O3,0.11572432643077034
2026-07-03,O3,0.11665965048387211
2026-07-04,O3,0.11745876802793236
2026-07-05,O3,0.1158426289274264
2026-07-06,O3,0.11545267271810926
2026-07-07,O3,0.11662899027891634
2026-07-08,O3,0.1181156319649025
2026-07-09,O3,0.11897382063662376
2026-07-10,O3,0.11809114615472745
2026-07-11,O3,0.11793676769044747
2026-07-12,O3,0.11560011571467849
2026-07-13,O3,0.11758900367966088
2026-07-14,O3,0.11655041007757849
2026-07-15,O3,0.11680339088940736
2026-07-16,O3,0.1155273065418542
2026-07-17,O3,0.11560031736219033
2026-07-18,O3,0.11531213718590334
2026-07-19,O3,0.11728481979685433
2026-07-20,O3,0.11523519412909917
2026-07-21,O3,0.11297297191219348
2026-07-22,O3,0.11310661603324798
2026-07-23,O3,0.11590775764700195
2026-07-24,O3,0.11662095706204709
2026-07-25,O3,0.1191288074144614
2026-07-26,O3,0.1208998323735751
2026-07-27,O3,0.1186759690888698
2026-07-28,O3,0.11935148263093716
2026-07-29,O3,0.12032028305092202
2026-07-30,O3,0.12028281612415016
2026-07-31,O3,0.11996395403120498
2026-08-01,O3,0.12021189925596185
2026-08-02,O3,0.12016293618780052
2026-08-03,O3,0.11934115984391883
2026-08-04,O3,0.11785892528854344
2026-08-05,O3,0.11866211275709297
2026-08-06,O3,0.12025286071466226
2026-08-07,O3,0.12082348146280486
2026-08-08,O3,0.1212707692287184
2026-08-09,O3,0.12197750244879085
2026-08-10,O3,0.12106519277169554
2026-08-11,O3,0.12083976061632262
2026-08-12,O3,0.11977378721382975
2026-08-13,O3,0.11650036881632919
2026-08-14,O3,0.11787871847440973
2026-08-15,O3,0.11863894942435348
2026-08-16,O3,0.11831369293706846
2026-08-17,O3,0.12160976707806519
2026-08-18,O3,0.1221758791755086
2026-08-19,O3,0.12132251118532698
2026-08-20,O3,0.12190007007280534
2026-08-21,O3,0.1237758687170054
2026-08-22,O3,0.12098202395981841
2026-08-23,O3,0.1205171563540467
2026-08-24,O3,0.1207773378824444
2026-08-25,O3,0.12047322014976881
2026-08-26,O3,0.1199574767752918
2026-08-27,O3,0.11791578528736818
2025-08-31,SO2,0.0007469385400996215
2025-09-01,SO2,0.00026727167086061914
2025-09-02,SO2,-7.5673666692245254e-06
2025-09-03,SO2,0.00014031388104552734
2025-09-04,SO2,0.00024563631045437627
2025-09-05,SO2,0.0005682556075249589
2025-09-06,SO2,0.00014896369551989827
2025-09-07,SO2,6.959035595208739e-06
2025-09-08,SO2,-3.748454573687817e-05
2025-09-09,SO2,5.038147876940623e-05
2025-09-10,SO2,0.00018282586374267896
2025-09-12,SO2,0.00011703158053227707
2025-09-13,SO2,0.0002548292576219192
2025-09-14,SO2,9.716811789313379e-05
2025-09-15,SO2,0.00016158033720477998
2025-09-17,SO2,4.74115403114215e-05
2025-09-19,SO2,-5.543214716793642e-05
2025-09-20,SO2,9.592627721329571e-05
2025-09-21,SO2,-0.00021516626152959792
2025-09-22,SO2,0.00013886048499676119
2025-09-23,SO2,0.00027163003405365445
2025-09-24,SO2,0.00016427489690760128
2025-09-25,SO2,9.300992979832917e-05
2025-09-26,SO2,0.0001601638679872682
2025-09-27,SO2,-3.1819835729183565e-05
2025-09-28,SO2,-2.8062583352187085e-05
2025-09-29,SO2,5.327273935082924e-05
2025-09-30,SO2,-4.175984578003287e-05
2025-10-01,SO2,0.00015849499192647422
2025-10-02,SO2,-6.824641412226215e-05
2025-10-03,SO2,3.568696599097367e-05
2025-10-04,SO2,0.00010736480562128755
2025-10-05,SO2,8.807095541788477e-05
2025-10-06,SO2,0.00010568520540608587
2025-10-07,SO2,-5.62098730945548e-05
2025-10-08,SO2,5.3018793569682345e-05
2025-10-09,SO2,-1.5016078287608885e-05
2025-10-10,SO2,0.00017188458364382063
2025-10-11,SO2,7.844848438823612e-05
2025-10-12,SO2,-7.100831696038763e-05
2025-10-13,SO2,3.771573086099771e-05
2025-10-14,SO2,2.1617536183168564e-05
2025-10-15,SO2,4.7234922046665855e-05
2025-10-16,SO2,0.0005496252666897708
2025-10-17,SO2,5.1731559981021036e-05
2025-10-18,SO2,0.00019545532629865252
2025-10-19,SO2,-5.7694553938369147e-05
2025-10-20,SO2,-4.5684425714716705e-05
2025-10-31,SO2,-6.05311098172728e-06
2025-11-01,SO2,-0.0001375620677402037
2025-11-02,SO2,-3.0573615446830604e-05
2025-11-04,SO2,-8.266516490056046e-06
2025-11-05,SO2,0.00011941265730562731
2025-11-11,SO2,-1.8078981320606198e-05
2025-11-12,SO2,4.7634615739289056e-05
2025-11-15,SO2,-1.9975365842394984e-05
2025-11-17,SO2,-0.00019845984260931745
2025-11-18,SO2,0.00014730118443768728
2025-11-22,SO2,-1.0839054816704526e-05
2025-11-23,SO2,4.0575396235972625e-05
2025-11-27,SO2,-2.1219165897803427e-05
2025-11-28,SO2,4.8609722434783675e-05
2025-12-01,SO2,2.748549689486437e-05
2025-12-02,SO2,0.0002011300517230974
2025-12-03,SO2,-2.424704619282844e-05
2025-12-07,SO2,-3.3191917213166354e-05
2025-12-08,SO2,2.3632248387309114e-05
2025-12-10,SO2,8.240343781835907e-05
2025-12-12,SO2,-1.9264348267828642e-05
2025-12-13,SO2,-0.00015549109153160264
2025-12-15,SO2,0.0003363717841829122
2025-12-16,SO2,3.126935247492005e-05
2025-12-17,SO2,2.526015717433985e-06
2025-12-18,SO2,-2.8893142662402246e-05
2025-12-21,SO2,-6.927102517084072e-05
2025-12-22,SO2,-3.662438230874564e-05
2025-12-23,SO2,4.9226357343489386e-05
2025-12-24,SO2,1.4402730564457793e-05
2025-12-25,SO2,5.023911610226196e-05
2025-12-26,SO2,0.0001619255616239037
2025-12-27,SO2,7.436273781579582e-05
2025-12-28,SO2,-8.089800411041669e-05
2025-12-29,SO2,1.1753797837931788e-05
2025-12-30,SO2,5.557104143410976e-05
2026-01-02,SO2,9.922001520011642e-05
2026-01-04,SO2,3.258777188607927e-05
2026-01-06,SO2,8.15421509415043e-05
2026-01-08,SO2,1.0884995833877184e-05
2026-01-09,SO2,-9.013542338774679e-06
2026-01-13,SO2,2.263284796380947e-05
2026-01-14,SO2,3.981259964101405e-05
2026-01-16,SO2,3.1054342433000356e-05
2026-01-19,SO2,8.297445081910734e-05
2026-01-24,SO2,3.5910427441665464e-05
2026-01-26,SO2,0.00015120126852338317
2026-01-29,SO2,-3.0763872846537564e-05
2026-01-30,SO2,6.227264028677926e-06
2026-01-31,SO2,-6.0722357461775924e-05
2026-02-03,SO2,5.061273826571318e-05
2026-02-04,SO2,1.6219575461438025e-05
2026-02-05,SO2,-1.830810924095591e-05
2026-02-06,SO2,2.1456373184948617e-05
2026-02-10,SO2,1.538254795947352e-05
2026-02-11,SO2,2.458346370893413e-05
2026-02-14,SO2,0.00010155442077004946
2026-02-15,SO2,7.291684587225905e-05
2026-02-16,SO2,2.9179112529794032e-05
2026-02-19,SO2,7.016101179974751e-05
2026-02-20,SO2,5.4820014579723354e-05
2026-03-03,SO2,1.8357761075496283e-05
2026-03-04,SO2,2.686672127634692e-05
2026-03-08,SO2,-0.00015900484451768213
2026-03-09,SO2,-3.5561486157951407e-06
2026-03-10,SO2,-1.0522768081078842e-05
2026-03-11,SO2,-0.00026214817132885174
2026-03-12,SO2,-4.768827357972054e-07
2026-03-13,SO2,-5.13878193937356e-07
2026-03-14,SO2,4.285635367633485e-05
2026-03-15,SO2,-3.3214130177776785e-06
2026-03-16,SO2,-4.1961127713129304e-05
2026-03-18,SO2,-2.975795949906165e-05
2026-03-19,SO2,-1.2830965877743134e-05
2026-03-20,SO2,-5.507649504869309e-05
2026-03-21,SO2,5.216111224592156e-05
2026-03-22,SO2,-1.3248169029404721e-05
2026-03-23,SO2,3.122075643931237e-05
2026-03-25,SO2,5.111915299661725e-05
2026-03-28,SO2,6.829777846744158e-05
2026-03-29,SO2,5.569537120032044e-05
2026-03-30,SO2,0.00016424856660262441
2026-04-01,SO2,-9.83747340656661e-05
2026-04-03,SO2,0.00017194861460940078
2026-04-04,SO2,8.958470600695272e-05
2026-04-05,SO2,0.0001757831951116094
2026-04-06,SO2,-6.083820761104652e-06
2026-04-08,SO2,5.398654697502522e-06
2026-04-09,SO2,-4.615151299186524e-05
2026-04-11,SO2,-1.6538664575843226e-05
2026-04-13,SO2,-3.290609887870152e-05
2026-04-14,SO2,0.00013234510627785026
2026-04-15,SO2,7.771902717073804e-05
2026-04-16,SO2,3.92662865063723e-05
2026-04-17,SO2,0.00011720573668533813
2026-04-18,SO2,0.00021541822299764828
2026-04-19,SO2,-7.874068274835651e-06
2026-04-20,SO2,1.6479340648351357e-05
2026-04-21,SO2,0.0003540367659431611
2026-04-23,SO2,0.00010487396089586777
2026-04-24,SO2,1.2079893974664389e-05
2026-04-25,SO2,6.48970732102836e-05
2026-04-26,SO2,1.8144067473614306e-05
2026-04-27,SO2,7.201744081287584e-05
2026-04-28,SO2,8.456292470620625e-05
2026-04-29,SO2,-0.00010541620805562925
2026-05-01,SO2,8.128006693185293e-05
2026-05-02,SO2,0.00016892977200240296
2026-05-04,SO2,-5.187071783117632e-05
2026-05-05,SO2,0.00011019863126786336
2026-05-06,SO2,0.0003465696893598208
2026-05-07,SO2,-3.10300518829251e-05
2026-05-08,SO2,0.00024636815416004124
2026-05-10,SO2,7.317543311814225e-07
2026-05-11,SO2,0.00011508164582740926
2026-05-12,SO2,0.0001993972457520337
2026-05-13,SO2,0.0004111297115473878
2026-05-14,SO2,1.9409036594435517e-05
2026-05-15,SO2,0.0001288182516616384
2026-05-16,SO2,0.00019463284467899052
2026-05-17,SO2,5.6164186769056e-05
2026-05-18,SO2,-7.294343703049909e-05
2026-05-19,SO2,0.0004244338492473547
2026-05-20,SO2,-2.7739455677037522e-05
2026-05-21,SO2,5.343027716463532e-05
2026-05-22,SO2,3.2871889293190214e-06
2026-05-23,SO2,9.840305078772548e-05
2026-05-24,SO2,6.070661362977953e-05
2026-05-26,SO2,6.185852934122693e-05
2026-05-27,SO2,0.00017154361432961338
2026-05-28,SO2,4.066113478273856e-05
2026-05-29,SO2,0.00010480259891924046
2026-05-30,SO2,-0.00022732119571764072
2026-05-31,SO2,8.88858323682224e-05
2026-06-01,SO2,6.908215175007278e-06
2026-06-02,SO2,8.03703649043634e-06
2026-06-03,SO2,-4.247666947140828e-05
2026-06-04,SO2,-4.466142319388146e-05
2026-06-05,SO2,9.04741752106566e-05
2026-06-06,SO2,9.710843755668278e-06
2026-06-07,SO2,-7.862602126134504e-06
2026-06-08,SO2,0.00022462285604738552
2026-06-09,SO2,0.00015595126532353786
2026-06-10,SO2,0.00015593552457667746
2026-06-11,SO2,0.00014349758422143964
2026-06-13,SO2,0.0001585815473554882
2026-06-14,SO2,0.0002498605862932887
2026-06-15,SO2,4.173005840405436e-06
2026-06-16,SO2,9.517313324979946e-05
2026-06-17,SO2,0.00012041373348659029
2026-06-18,SO2,0.00027134905055334276
2026-06-19,SO2,0.00020224872116279385
2026-06-20,SO2,5.357560168210669e-05
2026-06-21,SO2,2.589336577858814e-05
2026-06-22,SO2,8.288979308025429e-05
2026-06-23,SO2,9.411161320039285e-05
2026-06-24,SO2,3.878676523969998e-05
2026-06-25,SO2,0.00013858880319761956
2026-06-27,SO2,-1.5962308594230906e-05
2026-06-28,SO2,0.00010606821225654592
2026-06-29,SO2,-1.3667438527996959e-06
2026-06-30,SO2,8.681955434107502e-05
2026-07-01,SO2,-2.2319666974145717e-05
2026-07-02,SO2,8.468367692012301e-05
2026-07-03,SO2,5.767163315670582e-05
2026-07-04,SO2,9.608843035446377e-05
2026-07-05,SO2,4.994224971283781e-05
2026-07-06,SO2,0.00021429605543481553
2026-07-07,SO2,-2.0642828657770946e-06
2026-07-08,SO2,-3.4079341989523584e-05
2026-07-09,SO2,-2.8786978965156445e-06
2026-07-10,SO2,-2.289176099787654e-05
2026-07-11,SO2,2.9593499184472725e-05
2026-07-12,SO2,1.8821564841265223e-05
2026-07-13,SO2,2.88987429457217e-05
2026-07-14,SO2,-2.561742475443373e-05
2026-07-15,SO2,5.713417247324615e-05
2026-07-16,SO2,6.145197148895665e-05
2026-07-17,SO2,-2.7121247564550697e-05
2026-07-18,SO2,2.163486610752159e-05
2026-07-19,SO2,-9.757755662452556e-06
2026-07-20,SO2,-3.616367218233071e-06
2026-07-21,SO2,9.998096348825184e-06
2026-07-22,SO2,-0.00012124665541014496
2026-07-23,SO2,0.00010534722900193778
2026-07-24,SO2,4.483224914510903e-05
2026-07-25,SO2,-6.937338027863883e-05
2026-07-26,SO2,0.00019573218251935076
2026-07-27,SO2,-0.00011971569496126023
2026-07-28,SO2,0.00021609697601147172
2026-07-29,SO2,-2.7111604036188497e-05
2026-07-30,SO2,5.0595342616346216e-05
2026-07-31,SO2,1.4794234497571727e-05
2026-08-01,SO2,4.204850257760884e-05
2026-08-03,SO2,-3.1331353663562674e-06
2026-08-04,SO2,-1.826432744934682e-05
2026-08-05,SO2,-4.076173601400121e-07
2026-08-06,SO2,5.194182291485029e-06
2026-08-07,SO2,4.6990887004249966e-05
2026-08-08,SO2,0.0004000991661079096
2026-08-09,SO2,0.00012930140560127705
2026-08-10,SO2,0.00013678966101119254
2026-08-11,SO2,-3.7540109048168224e-05
2026-08-12,SO2,-2.7876949925739467e-05
2026-08-13,SO2,0.00011978478194396508
2026-08-14,SO2,3.908375242629025e-05
2026-08-15,SO2,1.851097702068252e-05
2026-08-16,SO2,1.375949805160007e-05
2026-08-17,SO2,0.00020290002365811827
2026-08-19,SO2,0.0001424779553160689
2026-08-20,SO2,0.00013398926997145708
2026-08-21,SO2,9.338926091110869e-05
2026-08-22,SO2,-1.4147447848060476e-05
2026-08-23,SO2,-8.108494962412281e-05
2026-08-24,SO2,0.00017733980100623307
2026-08-25,SO2,9.194723349040344e-06
2026-08-26,SO2,6.83269388062069e-05
2026-08-27,SO2,-1.1671517284077595e-05
2025-09-03,CH4,1859.9204108108984
2025-09-23,CH4,1894.6528854220326
2025-09-24,CH4,1902.102164102816
2025-10-09,CH4,1904.20663025201
2026-05-10,CH4,1892.4407318760143
2026-05-11,CH4,1874.0347957505653
2026-05-12,CH4,1855.153696877118
2026-05-29,CH4,1890.9443342794518
2026-06-02,CH4,1893.1655349376706
2026-06-07,CH4,1891.777827388059
2026-06-08,CH4,1889.300549400569
2026-06-09,CH4,1892.8724237229594
2026-06-11,CH4,1895.5821848301773
2026-06-16,CH4,1834.6805407606262
2026-06-17,CH4,1898.2806412185328
2026-06-18,CH4,1904.0475606956481
2026-06-19,CH4,1895.8209503720038
2026-06-23,CH4,1868.593759683883
2026-06-28,CH4,1901.9688882811981
2026-06-29,CH4,1902.6618633194278
2026-06-30,CH4,1905.8900830753425
2026-07-02,CH4,1866.6104477162569
2026-07-03,CH4,1914.839888850894
2026-07-04,CH4,1901.6625768554388
2026-07-08,CH4,1894.2071557638092
2026-07-09,CH4,1913.8957760481555
2026-07-10,CH4,1888.3604693828468
2026-07-13,CH4,1899.1789307224408
2026-07-14,CH4,1881.009799700098
2026-07-15,CH4,1884.439754056992
2026-07-16,CH4,1887.1707945800777
2026-07-19,CH4,1901.6394414966528
2026-07-24,CH4,1890.9578047332332
2026-07-25,CH4,1903.0829420418588
2026-07-26,CH4,1896.2541939262626
2026-07-30,CH4,1916.0958526159031
2026-08-03,CH4,1878.1657727351153
2026-08-04,CH4,1892.5628255524693
2026-08-05,CH4,1871.829036229312
2026-08-09,CH4,1890.059374068109
2026-08-10,CH4,1895.9988479467786
2026-08-11,CH4,1857.577267377281
2026-08-12,CH4,1885.0188775281115
2026-08-14,CH4,1866.465977358274
2026-08-15,CH4,1881.490308938579
2026-08-16,CH4,1857.3211608166243
2026-08-20,CH4,1904.975924970694
2026-08-25,CH4,1897.763918616645
2026-08-27,CH4,1911.2985322638779
